Date,Close/Last,Volume,Open,High,Low,Day
45712,719,1740,725,733.05,719,0
45709,728.545,823,735,739.47,724.51,1
45708,730,1126,725,739,723.1,2
45707,722.3939,1552,727.4199,727.42,714.71,3
45706,737.99,1873,743.25,743.25,732.65,4
45702,744.4,1084,750,756.41,738.6163,5
45701,743.04,1361,730,743.04,726.94,6
45700,725.4,1084,708,727.57,700.5,7
45699,710,1852,707,715.29,704.396,8
45698,707,768,702.71,709.99,700,9
45695,702.71,1614,716.6,720.2,702.71,10
45694,722.4125,1361,714.36,725.28,714.36,11
45693,715.68,1737,713.02,721.43,707.4999,12
45692,723.25,929,712.86,724,712.86,13
45691,708.28,2357,707.68,718.72,696.86,14
45688,725.9,2211,731.82,737.8821,725.45,15
45687,748,1177,749.35,754.6,743.45,16
45686,746.68,2216,739.27,748.53,735.34,17
45685,748.74,5854,791.54,794.174,730,18
45684,794.75,2860,776.452,795,776.452,19
45681,772,2471,763.42,775,762.88,20
45680,753.68,2662,744.87,755,743.04,21
45679,741.2,6510,741,744.56,740.13,22
45678,734.67,3851,726.52,737.106,722.7799,23
45674,711.05,1163,712.1,714.145,706.94,24
45673,716.8,4575,700.74,720.48,698.85,25
45672,653.38,2129,670,670,653.38,26
45671,667.4338,1194,674.57,679.92,665.84,27
45670,664.044,3417,661.41,668.14,657,28
45667,662.75,3756,665.91,672.08,656.26,29
45665,655,509,655.2,659.91,648.45,30
45664,667.112,3369,655,670.72,655,31
45663,659.25,4755,650.81,662.482,640,32
45660,633.56,5292,637.34,637.34,627.5,33
45659,649.82,2697,650.01,655.13,644,34
45657,656.7,4085,655,666.47,651.75,35
45656,656,2637,662.33,662.33,651.286,36
45653,664.495,5105,659.63,665,657.3,37
45652,664.75,1527,656.27,664.75,653.95,38
45650,658,920,659.99,660,652,39
45649,656.67,3158,650,659.5,646.03,40
45646,655.1,2872,652.35,661.54,646.37,41
45645,653,2776,653.56,658.144,647.21,42
45644,645.21,2571,660.43,669.328,645.21,43
45643,668.21,4974,664.48,671.56,663.38,44
45642,663.5,4343,661.99,669.91,657.07,45
45639,672.54,1860,679.84,679.84,668,46
45638,668.52,2934,678.11,682.272,668.52,47
45637,679.58,3184,675,680,673.12,48
45636,668.785,3106,677.8,677.8,667,49
45635,688,6357,687.85,695,687.85,50
45632,667.83,6567,667.77,670,662.265,51
45631,642.25,1762,639,646.698,633.3657,52
45630,639,2052,647.19,647.19,637.25,53
45629,642.71,7406,645.06,645.06,637.79,54
45628,640.25,5000,628.85,647.86,627.02,55
45625,627.02,2232,620.87,627.02,618.495,56
45623,624.35,2225,624,626.09,619.49,57
45622,621.75,3868,629.61,634.89,620.48,58
45621,625.64,5902,619.51,627.58,616.1599,59
45618,607.69,6677,604.21,610,603.132,60
45617,602.636,5999,602.62,606.62,598.424,61
45616,610.01,34742,615.34,615.34,605,62
45615,612.8,4746,605.86,615,600.87,63
45614,623.401,2753,620.4,625,613.94,64
45611,621.45,10335,620,622.592,615,65
45610,614.568,11951,618.85,619.99,613.85,66
45609,603.58,3735,609.39,609.9164,602.4403,67
45608,609.595,9858,620,620,601,68
45607,637.69,5358,639.14,644.36,635.9,69
45604,645.695,9917,645.5,648.01,640.45,70
45603,672.45,3187,665.37,674.12,665.37,71
45602,643.35,5053,653.14,653.2,642.208,72
45601,658.9,2717,658,662.304,654.42,73
45600,661.32,1034,659.59,665.7,658,74
45597,659.88,1910,665,668.35,659.56,75
45596,664.2,27795,669.73,669.73,658,76
45595,673.39,8280,661.46,674.123,660.66,77
45594,678.83,2494,684.4,686.9,678.81,78
45593,686.8,5848,685.68,688.0799,680.472,79
45590,676.5,2533,675.83,681.71,671.5,80
45589,680,2272,681.9,686.2,675.52,81
45588,659.818,1545,663,667.49,658,82
45587,668.76,27441,662.06,672,662.06,83
45586,664.35,1287,669.93,669.93,660.22,84
45583,677.7035,10057,679.8601,680.32,675.44,85
45582,657.133,5364,659.68,664.9,654.216,86
45581,652.2525,7296,648.38,658.94,648.38,87
45580,644.186,15857,692.22,699.37,600.83,88
45579,697.285,2666,695.26,706,693.58,89
45576,718,912,712.62,718.18,711.13,90
45575,715.45,1012,720.33,720.33,713.96,91
45574,723.538,785,712.96,725.37,712.96,92
45573,724.4525,9213,723.2,726,714.82,93
45572,745,1942,737.56,749.51,737.56,94
45569,733.55,1229,721.74,734,721.74,95
45568,728.24,1128,727.5,734.53,725,96
45567,733.96,1636,732.352,745.86,731.28,97
45566,733,4733,747.8,754.72,731,98
45565,772.45,1553,778.82,778.82,761.814,99
45562,781.1,4787,774.53,786.44,774.53,100
45561,764.98,6216,747.47,764.98,745.4099,101
45560,689.68,3493,693.33,693.33,687,102
45559,690.98,47018,685.15,690.98,680.78,103
45558,662,5892,659.96,666.636,657,104
45555,664.605,4195,669.37,669.37,660,105
45554,686.63,1296,680,690.83,678.99,106
45553,665.5,2194,674.41,674.41,663.3,107
45552,675.8,1986,677.21,679,674,108
45551,675.11,3616,671.02,679,671.02,109
45548,674.18,4289,676.97,680,672,110
45547,674,2428,666.15,680.63,665.9238,111
45546,673.78,10663,675,678,664,112
45545,676.01,1425,676.78,679.0965,672.08,113
45544,683.1055,1439,681.66,685.209,680,114
45541,681.05,12844,688.03,688.345,675.11,115
45540,690,3714,688.85,690.06,683.39,116
45539,715,1465,711.88,715,709.88,117
45538,734.83,737,747,747.9,734.83,118
45534,747,1304,749,752.2,741.5,119
45533,748,891,748.002,753.94,745.07,120
45532,740,7044,744.48,746.3,736.15,121
45531,749,30043,751.62,753.3866,744.95,122
45530,760,1956,762,765.18,759,123
45527,763.63,1527,749.4,763.63,749.4,124
45526,750.1,1160,761.24,763.216,750.1,125
45525,760.6,664,754.56,760.6,753.73,126
45524,750,827,749.81,757.012,749.81,127
45523,746.1,1376,737.85,749.81,737.85,128
45520,727.55,2272,724.7,727.55,722.44,129
45519,721,2861,717.89,723.7917,717.89,130
45518,711.5,2390,708.624,713,705.57,131
45517,698.354,1394,695,702.095,688.402,132
45516,693.5,1595,697,703.23,692.25,133
45513,696.9,953,699.5,699.5,691.6599,134
45512,694,1717,682.62,695,682.62,135
45511,685.25,1831,693.056,694.5401,679.18,136
45510,686.99,8474,678,692.9287,672.72,137
45509,680.6,4011,703.1,703.1,672,138
45506,690,1745,688.39,694.2265,685.7,139
45505,690,7222,700,700.01,687,140
45504,706.5,1945,713,713,701.6875,141
45503,703.1,2253,711.43,715.846,701.71,142
45502,707.58,6004,710.35,714.77,703.41,143
45499,723.23,2835,715,724.1,712.26,144
45498,718.97,5111,711,724.5,702.63,145
45497,710.5,6013,729.76,730,710.285,146
45496,736.16,3134,763.67,763.67,725.1,147
45495,773.75,10484,753,773.75,750.9409,148
45492,741,1487,743.775,747.05,740,149
45491,756.02,2819,757.31,765,751.5,150
45490,754.654,1374,755,760.9271,752.5,151
45489,759.17,5984,757.34,765,752.23,152
45488,765.6001,14986,789,790.3,765,153
45485,791,21329,784.82,795.75,784.82,154
45484,772,793,770.15,775,770,155
45483,758,1165,757.82,760.944,752.02,156
45482,741,7086,756.75,756.75,741,157
45481,754.86,1479,773.05,773.05,752,158
45478,776.4,432,785,797.01,770.81,159
45476,774.657,789,772.6,784.49,772.6,160
45475,766.05,1626,767.66,768.5,759,161
45474,765,423,779.7,779.7,763.26,162
45471,768.798,1061,765,771.31,761.808,163
45470,771.06,8613,776.7,780.85,765,164
45469,783.41,1308,778.89,792.0436,771.2425,165
45468,795.25,1434,785,797,779.792,166
45467,781,3032,784.85,790.51,777,167
45464,765,2036,763,768.88,761.07,168
45463,764.21,3240,765,771.55,761.04,169
45461,762,1552,769.3,769.3,760.5625,170
45460,776,2231,759.75,781.04,759.33,171
45457,764.75,12131,773.14,773.14,758.88,172
45456,787,4316,790.88,799.2,782.25,173
45455,792.395,783,795.78,800,791.026,174
45454,796.34,1834,798.306,800.89,790,175
45453,807.082,420,799.9,808.05,796.5,176
45450,823,3197,829.84,829.84,819.672,177
45449,831.588,1820,829.78,832.54,828.61,178
45448,822.35,1932,817.93,824.55,816,179
45447,802,1613,805.13,809.5,799.9001,180
45446,803.5,4112,800.94,807.812,799.6,181
45443,798.37,1016,797.03,803.605,797.01,182
45442,795,1734,791.48,805.6,788.81,183
45441,784,1282,799.58,799.58,781.36,184
45440,804.37,2308,816.8,819.6,803.75,185
45436,815.25,1008,814.29,821.02,813.7923,186
45435,804.66,892,817.41,821.83,803.45,187
45434,812.678,4682,821.2,821.2,809.75,188
45433,832.73,2325,839.49,850,830.01,189
45432,845,1220,855.65,855.65,845,190
45429,854.13,689,845.99,857.0158,845.31,191
45428,851.5645,404,857,857,850,192
45427,856.99,2019,853.5,860,850.16,193
45426,858.31,507,853.15,860.485,849.0479,194
45425,844.4,251,848,849.75,841.53,195
45422,850,1316,851.332,857.7,846.4,196
45421,849.67,208,846.03,855.11,841,197
45420,846.814,373,854.05,855.9562,845.2,198
45419,853,743,846.01,854.4,845,199
45418,841.8,456,846.05,846.05,839.41,200
45415,841,1089,853.25,854.94,841,201
45414,825.49,4360,821.58,829.7,818,202
45413,822.33,758,807.95,849.95,807.95,203
45412,826,750,834.55,835.22,816.9881,204
45411,838.45,793,839.94,844.47,831.02,205
45408,844.85,457,841.04,856,841.04,206
45407,837,1016,831.47,845.35,824.57,207
45406,859.75,377,860.88,862.75,851.89,208
45405,862.4,1357,847.33,862.4,847.33,209
45404,851.89,1143,855.78,859.44,847.49,210
45401,848.05,815,847.86,854.425,840.27,211
45400,854,587,852.65,858.48,842.51,212
45399,858,580,871.04,874.8583,852.73,213
45398,855.05,1172,840.4,875.21,820,214
45397,841.75,783,851.21,857.2,833.6147,215
45394,830.3,1212,834.35,835.64,823.75,216
45393,857.08,599,852.59,859.33,843,217
45392,852.6,1545,848.35,854.66,843.05,218
45391,866.22,732,872,875,860,219
45390,880.045,2136,874,885.08,871.15,220
45387,872.35,1481,870.19,872.35,862.5,221
45386,871.576,1419,889.65,894.05,869.83,222
45385,883.126,1048,888.1,888.27,879.35,223
45384,888.536,1822,890.45,890.45,882.96,224
45383,902,838,914,914,897,225
45379,904.032,2277,910.1,910.1,900,226
45378,899.414,799,892.11,904,892.11,227
45377,885.01,2311,892.78,899.25,885.01,228
45376,892.105,597,888.92,895.86,887.85,229
45373,895.86,1679,906.1,906.1,892.016,230
45372,913.224,1167,936.52,936.52,909.51,231
45371,932,5319,912.68,932,912.68,232
45370,905,978,928.084,935,898.8,233
45369,935,3457,940.8,940.8,930,234
45366,944.5,982,943.13,950,933.2,235
45365,952,658,958.694,958.694,945.43,236
45364,950.823,1874,943.47,956.0358,943.47,237
45363,938.61,1952,921.77,939.9707,920,238
45362,928.4,1893,928,932.93,920.59,239
45359,919.674,932,928.8,931.992,915.86,240
45358,919.95,1732,914.12,923.17,914.12,241
45357,908,748,909.47,918.126,905.25,242
45356,896.16,901,905.55,907,895.25,243
45355,916,1366,917.65,917.65,910,244
45352,924.66,560,919.9,924.66,912.49,245
45351,915,1714,915,919.4,908,246
45350,919.4,894,912.15,924,912.15,247
45349,923.735,693,919.55,926,916.44,248
45348,913.25,802,917.23,920.45,910.3099,249
45345,918.57,2004,918.311,921,914.976,250
45344,913.89,852,899.29,915,899.29,251
45343,892.425,1553,891.2499,895,885.3111,252
45342,888.5,1415,882.29,889.04,879.82,253
45338,879,1066,886.15,886.15,875.95,254
45337,881.19,1365,881.7,885.2,874.89,255
45336,866,1631,857.63,866,853.45,256
45335,855.24,1802,866.31,866.31,848.6,257
45334,880.95,2297,874.05,890,874.05,258
45331,873.93,1094,874.98,877.52,865.7803,259
45330,864.25,1252,857.55,867.88,857.55,260
45329,844.65,1132,842.4,850.9,842.4,261
45328,840,5455,837.2,840,829.7,262
45327,839.29,2130,833.35,844.13,832,263
45324,842.934,1243,843,844.89,833,264
45323,844.2,1766,839.97,844.5,830,265
45322,833,961,837.5,850.1114,830.5,266
45321,848.5,1839,850,851.66,843.5855,267
45320,844.875,3090,840,852.5305,833.7898,268
45317,838.9,4540,832.7,846.64,832.7,269
45316,784.97,6087,743.856,786.26,735,270
45315,747.47,4826,743,756.33,743,271
45314,731.21,10929,723.25,731.21,723.25,272
45313,724,2573,724.65,724.65,720.93,273
45310,725,3361,720.76,726.88,710.5,274
45309,725,3264,715.52,728.4899,715.52,275
45308,707.21,6683,700,708.35,695.45,276
45307,720.5,4121,725,731.25,715,277
45303,737,1403,735,741.94,729.99,278
45302,740,1201,748.07,748.07,735,279
45301,751.36,935,752.11,752.77,745,280
45300,748,2459,750.57,750.57,737,281
45299,760.7999,2029,741,765.536,741,282
45296,753,2721,755.24,763.11,750.77,283
45295,763.0635,1499,753.67,766.032,753.67,284
45294,762.1595,1235,760.1,767.17,757.69,285
45293,791.43,2247,797.1,797.1,788.55,286
45289,813.805,684,805,819.7,805,287
45288,812.2,1164,804,817,804,288
45287,820,778,805.08,826.3,805.08,289
45286,819.196,689,817.434,820,815,290
45282,813.085,1109,813.058,822.24,810.17,291
45281,817.875,2512,821.7,824.93,811.05,292
45280,810.526,2020,804.207,823.544,795.6,293
45279,820.03,1687,804.22,822,804.22,294
45278,810.45,2815,813.96,813.96,805,295
45275,816,1084,821.5,823.99,810.87,296
45274,821.54,1286,815.654,825,812.73,297
45273,806.58,4603,789.0101,809.85,789.0101,298
45272,792.5125,1021,790.938,801.45,790,299
45271,797.07,3275,797.3,800,791.61,300
45268,797,6242,790.85,803.01,781,301
45267,772.36,1375,773.25,778,769.952,302
45266,770.43,6629,773.29,780,768,303
45265,770.6334,5696,757.03,773.22,757.03,304
45264,760.33,1789,758,760.78,750,305
45261,763.45,1465,750,765.216,730.2001,306
45260,768.4,2145,764.88,768.4,741.15,307
45259,760,1232,737.2,760,737.2,308
45258,750.98,2046,749.72,753.62,738.3,309
45257,766.298,1494,765.97,770.494,762.1,310
45254,772,2285,773.75,776.242,768.88,311
45252,775,5203,775.28,777.39,769.75,312
45251,770,2606,773.32,773.7,768.88,313
45250,789.57,1618,779.76,790,779.75,314
45247,779.75,832,753.4,790,753.4,315
45246,764.39,4093,764.29,770.87,761.15,316
45245,779.77,2060,778.01,783,775.05,317
45244,772,3668,752.6,773,752.6,318
45243,740,3603,732.774,740,730,319
45240,738.25,2130,735.49,741.57,726.2,320
45239,761,521,765.13,769,757.75,321
45238,754,1011,754.49,758.71,748.7,322
45237,744.54,2023,743.76,747.11,722.15,323
45236,746.09,1958,752.33,752.33,745.4299,324
45233,752.01,1920,761.95,762.97,750.25,325
45232,746.368,3390,739.14,752.85,739.14,326
45231,715.962,1750,713.246,717.3,706,327
45230,717.392,1119,714.14,723.284,710,328
45229,713.9,1601,706.85,718,706.76,329
45226,693.498,3243,698.44,709.48,693,330
45225,703,1489,713.71,713.91,698.75,331
45224,715.59,4747,714.09,720.586,706.88,332
45223,727.94,2903,720.1,727.94,714.42,333
45222,713,1327,700.97,716.23,695.8,334
45219,702.5,1781,699.0001,710.95,699.0001,335
45218,703.56,3433,705,717.88,703.56,336
45217,703.992,5560,716.43,716.43,700,337
45216,705.5,8556,694.62,711.78,692,338
45215,709.1935,2699,695.3,712.05,695.3,339
45212,694,2542,700,706.24,690.66,340
45211,708.06,2879,718.29,718.4548,705.1,341
45210,726,18476,735.44,741.54,722.748,342
45209,742.25,1863,764.85,777,742.25,343
45208,759.175,873,752.57,760.744,747.05,344
45205,780.44,1646,763.12,781.64,756.006,345
45204,765.9,3132,759.59,766.18,750.5,346
45203,751.106,780,752.9,757.836,745.88,347
45202,740.515,1536,746.43,746.43,735.25,348
45201,745.34,958,747.43,753,742.33,349
45198,759.86,2138,772.09,773.008,754.34,350
45197,746.286,13663,738.9,750.5,738.9,351
45196,736.014,2987,742.91,742.91,726.28,352
45195,743,2403,743.24,746.536,740.195,353
45194,757.65,1714,761.55,761.55,750.35,354
45191,777.436,6499,776.45,786.09,770.58,355
45190,777.5,3336,770,779.88,770,356
45189,778.73,1957,786.65,794.62,778.73,357
45188,788.65,1524,783.29,790.86,781,358
45187,790.856,1065,795.29,797.4,790,359
45184,806,4445,818.16,820.2,805,360
45183,795.462,590,792.62,798.4,788,361
45182,779.295,1312,788.17,790,775.9,362
45181,794.344,635,786.77,796.18,783.08,363
45180,800.3,1861,775.55,801.77,775.55,364
45177,793.56,6122,784.95,798.59,784.95,365
45176,778.96,2519,780.47,782.4,773.74,366
45175,786.515,4197,794.16,794.16,775.25,367
45174,812.5,3928,824.21,824.21,811.8899,368
45170,837.984,2946,836.09,859.61,828.87,369
45169,848.3,714,862.89,862.89,837.95,370
45168,878.555,4200,883.83,885.68,871.965,371
45167,883.688,814,862.2901,885.17,862.2901,372
45166,864.299,543,861.96,866.21,857.92,373
45163,852.685,1494,854.226,855.39,843.7407,374
45162,841.3,1986,855.52,857.76,841.3,375
45161,859.242,2232,850.34,863.22,850.34,376
45160,853.92,2309,858.71,861.05,852.18,377
45159,855.37,3536,854.3,861.48,850,378
45156,844.08,2806,835.59,848.63,831.76,379
45155,849.25,2063,865,866.07,849,380
45154,870.33,1336,878.33,879,866.73,381
45153,877.605,805,884.36,884.36,873.63,382
45152,888.09,610,889.59,896.24,882.9,383
45149,897.132,411,899.29,904,895.49,384
45148,909.75,3412,913.384,926.68,908.556,385
45147,888.25,372,890.03,892.74,884,386
45146,890.2,8669,885.36,890.2,880,387
45145,904.132,274,901.6,905,895.072,388
45142,889.75,703,896,905,888.7,389
45141,891.75,3776,884.967,895.53,881.84,390
45140,890,1535,903.55,903.55,887,391
45139,914.61,11353,916.52,916.52,906.7433,392
45138,933.595,1578,940.1,940.1,930.3,393
45135,928.458,649,925.422,935,923.216,394
45134,922.16,1885,923.21,929.896,915,395
45133,901.52,1847,896.26,907.76,894.3,396
45132,913,3888,951.17,953.4,912.96,397
45131,953.75,2765,944.22,956.63,940.73,398
45128,967.48,1049,959.22,967.48,956.79,399
45127,951.77,651,952.17,956.03,947.1,400
45126,953.85,1411,959.82,959.82,947.264,401
45125,968.085,742,960.33,971.4,956.04,402
45124,968.6965,2237,966.54,970.336,959.965,403
45121,999,1584,1000,1003.5,995.24,404
45120,986.31,1096,984.21,990,976,405
45119,967.7,1322,950,968.76,948.75,406
45118,936.735,635,935.608,937,930,407
45117,915.905,972,911.33,918.46,905.72,408
45114,905,1184,900.92,913.81,897.84,409
45113,894.01,1519,897.63,897.63,877.7726,410
45112,919.695,1550,923.115,926.03,916,411
45110,935.715,591,932.66,937.43,929.188,412
45107,945,829,937.5,949.15,934.2,413
45106,936.06,1091,929.61,937.3475,928.85,414
45105,927.4,537,928.584,930.81,922.36,415
45104,925.778,667,915.59,928.658,915.59,416
45103,913.125,817,910,916,910,417
45100,905.85,2307,897.1,911,897.1,418
45099,918.027,1222,916.81,924.84,911.06,419
45098,925,814,914.43,925.8,910.91,420
45097,926.7,3030,926.95,931.25,919.75,421
45093,948.193,2550,947.59,952,945.6294,422
45092,925,13836,912.7231,928.69,912.6501,423
45091,915.5545,459,919.63,924.64,912,424
45090,910.015,1839,901.7266,913.72,901.7266,425
45089,902.68,2277,903.18,903.18,895.978,426
45086,882,1272,883.969,886.27,881,427
45085,882.8,29381,879.16,888.0762,876.82,428
45084,866.27,1689,872.27,877.304,866.25,429
45083,868.95,1412,867.2,876.0882,866.34,430
45082,872.25,2310,874.69,879.41,870.5,431
45079,889,2489,893.17,899.93,888.5304,432
45078,869.615,1867,864.525,870.43,858.456,433
45077,875,2568,878.51,878.51,862.16,434
45076,898.3895,1364,908.97,911.7,894.81,435
45072,908.95,1016,902.24,911.33,902.24,436
45071,886.11,1923,876.05,888,875,437
45070,879.774,1654,880.35,884.43,877,438
45069,897,2679,912.48,912.48,893.858,439
45068,949.615,1240,952.95,957.8,948.18,440
45065,947.1275,892,947.87,951.5033,945,441
45064,940.295,888,949.65,954.29,928.23,442
45063,954.3212,788,952.7,957.22,940.25,443
45062,949.5,1727,950.892,955.02,949.5,444
45061,962.9,859,956.96,962.9,955,445
45058,960.25,813,962.31,966.03,956,446
45057,971.766,1808,964.36,979.71,959.716,447
45056,956.305,1030,960.72,964.88,950.67,448
45055,965.082,990,959.57,969.81,959.57,449
45054,975.56,944,975.88,980.62,971.41,450
45051,970.15,774,959.89,972.502,959.89,451
45050,966.25,9749,964.95,970.58,961.19,452
45049,974.004,3309,975.48,979.99,966.91,453
45048,961,2263,952.04,964.15,947.57,454
45047,955.23,1525,955.75,964.52,955.23,455
45044,960.8035,968,952.53,963.39,951.42,456
45043,976,3130,981.248,981.248,965.25,457
45042,960.4,2597,960.05,973.38,957.72,458
45041,970.48,2950,981.411,981.45,965,459
45040,996.325,32667,996.88,998.83,995,460
45037,1000,3308,987,1000,984,461
45036,986.6,2040,981.55,987,977.19,462
45035,972.64,3015,970.416,976.495,967.2,463
45034,967,1167,971.34,971.34,961.17,464
45033,955.78,4436,961.48,962.1,950,465
45030,985.5,3201,983.26,985.88,976,466
45029,983.8,4531,957,984.55,957,467
45028,950.2,2474,927.2,960,908,468
45027,920,1277,936.83,936.83,917.2455,469
45026,911.78,1375,927.25,927.25,880.0501,470
45022,908,1066,910.75,923,900.19,471
45021,922.425,531,932,932,916.872,472
45020,933.08,1022,921.6,934,921,473
45019,921.508,803,920,925,910.15,474
45016,918.5,5572,909.99,923.43,908.7,475
45015,903.15,1443,892.17,904.4,892.17,476
45014,895,1896,895,899.99,890,477
45013,880.82,448,879.95,888.63,876.55,478
45012,890,656,876.55,890,863,479
45009,882,647,878.91,885,866.848,480
45008,876.88,1869,897,897,875.5,481
45007,877,606,876,890,875.25,482
45006,868.6,1249,869.91,873,862,483
45005,864,1506,863.7,868,860,484
45002,847.66,573,844.9,852.278,833.29,485
45001,854.9975,2109,833.14,860,830.27,486
45000,834.35,8656,820.5,836.31,807.97,487
44999,858,3358,851.088,862.77,848.8401,488
44998,841.37,895,840,845.49,827.58,489
44995,845.5,1810,840,859.99,840,490
44994,840,1815,848.48,856,840,491
44993,855.33,987,853.35,863.45,850,492
44992,860.335,363,875,880.68,860,493
44991,882.35,3703,885.75,891.8121,873.48,494
44988,871.4,1129,869.2,873.81,858.99,495
44987,856.784,235,849.99,857.49,846.578,496
44986,847.625,958,853,860.92,840.464,497
44985,835,664,845,846.5,834,498
44984,847,1461,841,850,841,499
44981,826.44,1011,839.1,839.1,821.5,500
44980,860.41,516,866,871,852,501
44979,866.03,494,868,870,856,502
44978,865,598,865.35,871,856.05,503
44974,884.24,703,880,884.24,870,504
44973,880.22,562,866,890,866,505
44972,879.84,3590,879.4499,884.78,874.0434,506
44971,877,978,871.0863,879,859.8301,507
44970,871.2,320,862.16,875,857,508
44967,861.798,1743,870,875.8,848,509
44966,867.125,521,865.96,875.232,865.96,510
44965,856.99,697,865.13,865.13,855.38,511
44964,871.75,1046,860.03,873.36,855.5,512
44963,874.86,1846,878.13,878.13,866.0599,513
44960,896.496,2164,887.82,903.11,882,514
44959,882.725,5456,887.64,889.1,875.25,515
44958,885,5346,869.14,885.25,864.85,516
44957,873.382,2558,876.0699,876.0699,859,517
44956,868.752,2086,872.61,872.61,856.88,518
44953,874.5,2231,863.31,879.99,863.31,519
44952,847,1014,876.52,878,847,520
44951,870,1480,865.9,870,856.6,521
44950,866.65,1064,855.3001,868.65,852.97,522
44949,861.7925,22112,860.28,864,843.0001,523
44946,848.188,2313,843.57,850,840.86,524
44945,844.604,4160,849.05,849.25,837,525
44944,860.41,2951,873.41,874.96,860.41,526
44943,858,1943,866.59,871.57,856.25,527
44939,855,2039,845.41,857.99,837.205,528
44938,840.6,2215,845,847.85,832,529
44937,833.295,1654,830.04,835,829,530
44936,812.258,2316,805.6,818,805.6,531
44935,805.25,1567,809,818,805,532
44932,797,1025,773.4,799.05,773.4,533
44931,768.075,962,771.1699,771.1699,765,534
44930,779.82,1091,780.5,785,768.0001,535
44929,745.78,3015,740,751.954,737.13,536
44925,731.68,521,743,743,721.9501,537
44924,739.684,504,731.75,748.076,731.75,538
44923,731.75,694,717.1,745,717.1,539
44922,726.274,363,710,737.89,710,540
44918,716.18,522,718.9,719.04,710.25,541
44917,718.331,274,719.36,735.78,717.84,542
44916,731.548,2999,715.7,733.792,715.7,543
44915,723.96,497,713.4401,742.65,713.4401,544
44914,726.5,803,724.15,737,721.2,545
44911,732.4,404,737.45,739.22,729.2001,546
44910,746,1000,745.689,754.5,742.816,547
44909,770,936,771.985,781,769.0001,548
44908,768,1026,783.14,786.51,764.1,549
44907,752.502,849,757.81,762,750.55,550
44904,753.056,2777,762.1,762.41,752.66,551
44903,763.512,1789,750,764.89,748.28,552
44902,746,1286,749.65,767.92,741.66,553
44901,741.66,2663,749.04,755.472,740.08,554
44900,746,590,753.37,756.65,745.2,555
44897,759.25,417,747.08,759.25,745,556
44896,752.4,424,754,765.3799,749.67,557
44895,758.49,1822,754.9,769.98,746.47,558
44894,730.92,464,731,731,723,559
44893,720.892,598,730.2,731,717.5,560
44890,727.1,188,730,731,716,561
44888,720,322,717.4001,733.92,717.4001,562
44887,715.2,1096,716.05,718.5,709.24,563
44886,716.04,848,719.24,720.2,714.698,564
44883,724.65,2229,723,726.07,705.6,565
44882,722.22,439,704.95,728.66,704.0001,566
44881,721.48,659,727,727,711.744,567
44880,738.92,533,740.9999,740.9999,708.77,568
44879,723,431,727.25,728.67,716.31,569
44876,735.25,1384,703,738.56,703,570
44875,700,1046,671.8,700,671.8,571
44874,655.89,448,659,669.96,650,572
44873,659.6,1050,656,670,655,573
44872,654.384,1272,656.036,665.86,645,574
44869,652.1101,968,651.125,667,642.33,575
44868,610,1162,605.9,619,605.9,576
44867,621.99,663,624.36,643.05,621.99,577
44866,640,485,656.5599,656.5599,635.8,578
44865,656.5,1128,643.27,657.75,630,579
44862,652.37,1723,652.59,652.8699,642.15,580
44861,651.5,1406,652.47,664.18,649,581
44860,667,901,654.68,671,640,582
44859,656.11,709,633.1,660,633.1,583
44858,629.928,1373,650,650,620,584
44855,631.79,930,619.25,636.86,613.312,585
44854,612.08,280,611.25,629.04,611.25,586
44853,610.8,791,621.9,635.27,605,587
44852,626.528,1441,627.867,638.6,615,588
44851,628,1785,620.03,630,612.46,589
44848,608,495,619.4,623.765,604.036,590
44847,602.2,1502,576.35,617,576.35,591
44846,603.44,3065,606.11,607.78,600.59,592
44845,593,1399,587.66,610.7,584,593
44844,594.69,687,596,602.5599,588.956,594
44841,612.912,462,610.5,625.19,595,595
44840,622,553,629,632.25,613.9501,596
44839,634.905,1013,627.13,637.36,616.186,597
44838,643.562,2023,634.8999,645.5799,621.14,598
44837,597.075,1720,587.55,603.12,587.25,599
44834,589.11,706,585,600,582.52,600
44833,597.694,837,589,597.8,583.02,601
44832,601,7246,576.82,601.85,576.82,602
44831,575.878,955,580.18,593.0299,573,603
44830,581.306,1971,588.89,595.53,580.02,604
44827,585.43,9182,600,600.88,582.01,605
44826,617.132,11492,625.71,642.75,611.61,606
44825,628.694,535,624.4,648.65,622,607
44824,633.86,258,615.7501,645,615.7501,608
44823,645.906,2548,626.3,650.04,626.3,609
44820,641.04,999,640,655.572,631,610
44819,643.312,396,643.55,653.28,636.96,611
44818,659.3999,552,645.4501,660.95,645.45,612
44817,643.974,412,665.15,665.15,642.08,613
44816,666.15,610,657.57,670.74,657.57,614
44813,658.67,1030,660.0599,660.0599,641.36,615
44812,640.696,422,635.38,644.24,627.4303,616
44811,643.58,508,627.25,647.39,627.25,617
44810,626.862,780,630.55,646.5,621.2006,618
44806,625.15,26482,660.2499,660.2499,622.042,619
44805,635.166,607,648.95,648.95,617.8301,620
44804,648.91,801,659.2,664.55,648.3,621
44803,664.046,224,685.5499,685.5499,655,622
44802,662.41,713,628,681,628,623
44799,664.02,528,692.84,692.84,662.01,624
44798,682.75,402,685.5,691,680,625
44797,686,715,684.228,692.98,673.864,626
44796,676.445,1060,676,683.366,673.782,627
44795,676,942,681.4,691.25,676,628
44792,705.47,410,710.1499,710.1499,700,629
44791,716.7899,333,732.2999,732.2999,711,630
44790,718.41,1494,715,723.5985,711.09,631
44789,712.5,622,710.68,716.4,703.7501,632
44788,714.212,976,715,715.698,706.9501,633
44785,718,1398,718.36,718.36,705.68,634
44784,712.86,688,712.55,722.4,708.78,635
44783,710.945,832,705.55,717,705.55,636
44782,697.92,238,708.15,708.15,691.08,637
44781,700.684,668,706.95,711.65,700,638
44778,696.23,418,685.4,702.36,685.4,639
44777,708,1393,708.451,712.104,698.65,640
44776,701.01,1236,695.4,701.01,686,641
44775,691,1550,695.7,695.7,685.4,642
44774,703.25,738,704.43,710,697,643
44771,696.63,1028,692.62,696.63,679.26,644
44770,677.77,815,667,681.61,654,645
44769,642.01,866,662.5,664.4999,620.02,646
44768,621.3301,1447,629.51,650,618.26,647
44767,650.266,26704,650.05,660.7999,646.08,648
44764,643.844,2081,649.81,655.216,643.844,649
44763,647.9,3300,650.0399,650.0399,637.1,650
44762,631.194,7318,659.3999,659.3999,622.9185,651
44761,644.5,4416,638.81,648.65,634.66,652
44760,617.955,709,616.89,628.2699,612.6301,653
44757,612.6299,11628,598.2,620.92,598.2,654
44756,611.672,18285,605.72,616.418,598.3901,655
44755,606.706,4736,595,615.35,593.0001,656
44754,609.738,1681,612.3199,619.9999,606,657
44753,610.175,457,607.56,615.92,604,658
44750,616.232,2282,615.84,619.96,610.7,659
44749,617.59,1944,623.65,626.58,613,660
44748,611,692,610.61,615.38,600,661
44747,593.36,505,593.17,603.9,580,662
44743,618.5,465,584.55,619.75,584.55,663
44742,608.49,943,611,619.45,590.49,664
44741,619.89,857,620,624.79,611.31,665
44740,611.08,1489,621.59,628.42,611,666
44739,611.0101,527,622.8,632.082,610.99,667
44736,623,499,605.12,623,602,668
44735,596.9,347,586.07,610.9,586.07,669
44734,579.41,2350,581.36,591.81,572.2,670
44733,579.86,1339,598,600.45,575,671
44729,572,989,563,575.98,563,672
44728,563,1539,568.62,574.96,560.12,673
44727,576.49,691,565.89,585.21,565.89,674
44726,565.35,1015,574.69,574.89,561.08,675
44725,577.144,1020,577.715,584.01,571.94,676
44722,620.92,1232,609.82,621,600,677
44721,622,14728,629.76,645.92,621.38,678
44720,639.69,935,650.03,650.03,637.36,679
44719,655.67,886,644.89,657.9704,640,680
44718,651.58,457,653.88,667.54,650.31,681
44715,650.23,451,659.7512,659.7512,648.52,682
44714,656.265,353,658.3,659.6,644.4501,683
44713,650,701,648.0001,658.89,630.0001,684
44712,648.24,887,638.65,648.24,637.19,685
44708,630.08,878,637.74,641.9999,624,686
44707,611.62,901,598.84,616.33,598.84,687
44706,584.08,1034,585.4,593.82,579.06,688
44705,591,872,591,599.88,591,689
44704,593,553,593.72,604,585.53,690
44701,587.152,1323,605.27,605.27,580,691
44700,610.91,3406,586.92,610.92,586.92,692
44699,606.07,507,610.01,614.38,596.33,693
44698,627.96,1332,626.4,642,606.06,694
44697,598.99,1157,595,617,595,695
44694,605.08,1159,597.68,608.48,594.04,696
44693,577.08,1025,580.87,592.03,567,697
44692,594.8,2428,590.52,609.27,587.31,698
44691,582.95,1106,584.993,589.68,576.99,699
44690,573,2777,580.115,584.14,567.56,700
44687,592.55,2120,610.6999,610.6999,586.06,701
44686,605,1096,627.6,632.3,600,702
44685,643.79,844,630.4729,647.4499,627,703
44684,628.08,2300,639,643.91,628.08,704
44683,639.14,774,638.53,646.94,632.225,705
44680,645.76,836,650.85,673.99,645.76,706
44679,648,587,642,669.45,637,707
44678,646.08,1287,642,670,638.38,708
44677,647.265,849,673.5,673.5,642.46,709
44676,668.55,1329,673.86,673.86,659.85,710
44673,714.21,609,691,714.38,683.25,711
44672,699.99,1398,712,715.2,695,712
44671,692.54,1061,685,700,685,713
44670,690.7,889,680,691.85,675,714
44669,688.045,480,696.59,696.59,683.08,715
44665,694.98,1075,690,700,686.34,716
44664,691.81,2182,688.96,693.54,671.14,717
44663,688.96,623,670.995,704.55,670.995,718
44662,670.5,803,667.15,681,667.15,719
44659,679.11,1479,686,690.602,673.67,720
44658,692.5,598,689.875,693,678.6,721
44657,689,1021,704.95,704.95,688.5,722
44656,720,1115,725.005,725.47,715.08,723
44655,728.69,462,726.9,739.78,720.99,724
44652,725.21,514,719.55,725.22,711.3,725
44651,719.505,796,729.37,729.37,710.2,726
44650,734,622,736.79,743.45,730.14,727
44649,745.53,3399,741.21,751.84,736.39,728
44648,718,1364,704.95,719,695.64,729
44645,688.08,1599,705,705,684.79,730
44644,688,510,695.02,708.92,680.08,731
44643,685.55,2350,691.91,706.01,685,732
44642,709.92,1292,710.43,713.63,701.95,733
44641,689.22,732,703.83,713,688.41,734
44638,713.92,1007,696.2,714.96,685.36,735
44637,703.142,1370,693.6,705,692.93,736
44636,701.53,1016,689.17,709.76,676.29,737
44635,645.564,3045,643.64,664.99,638.13,738
44634,637.58,1939,661,674.96,637.58,739
44631,651,3080,650,679.71,637.21,740
44630,654.005,1302,650.05,658.01,643,741
44629,666.3,3382,656.25,677.2,642.38,742
44628,618.755,34871,610,635.65,598.04,743
44627,609.4,5483,642,642,600,744
44624,641.92,4095,650,654.7,626.1,745
44623,689.77,1071,708,715.75,676,746
44622,708.08,1393,706.75,718.84,703.06,747
44621,689.08,1876,718.17,723.1,685.36,748
44620,729,721,731.85,750.05,725,749
44617,755,2265,735,760.15,716.8294,750
44616,731.92,6102,696,734.92,692,751
44615,755,1876,762.87,778.77,745.72,752
44614,754.08,816,763.28,769.31,752.19,753
44610,780,621,787.35,787.35,770.2,754
44609,770.2,752,781.1,792,766.92,755
44608,784.84,574,782.82,789.57,768.29,756
44607,783.78,616,773.85,792,768.61,757
44606,755.12,2010,760,769.55,748,758
44603,769.54,1109,797.85,797.85,760,759
44602,805.34,1053,797.02,820,797.02,760
44601,820.08,1987,814.25,822.95,814.25,761
44600,808.64,855,811.72,813.64,797.15,762
44599,822.75,630,810.35,827.52,808.001,763
44596,812.93,652,813.17,820.86,800.08,764
44595,808.09,552,829,829,806.88,765
44594,827.92,412,820,835,810.01,766
44593,828.01,779,831.02,831.02,815.93,767
44592,818.87,1773,781.28,818.87,780.46,768
44589,803.65,2116,795.27,805,780.83,769
44588,790.5,1631,770.08,799.21,760.54,770
44587,767,2223,769.55,782.55,753.16,771
44586,753.08,1181,755,765.69,745.42,772
44585,764.92,2142,765.16,770.32,740,773
44582,782.3,1848,791.57,801,778,774
44581,803.25,930,800,803.41,788.09,775
44580,798.81,565,789.93,799.19,788.01,776
44579,770.69,1054,767.975,773.77,760,777
44575,778.05,1377,781.88,781.88,770,778
44574,793.75,523,806.71,806.71,785,779
44573,815.08,847,814.2,815.15,805.78,780
44572,810.08,969,796,820,796,781
44571,799.28,750,800,826,794.16,782
44568,816.75,303,822.89,822.89,801,783
44567,819.225,799,831.1,831.1,818.39,784
44566,843.26,1105,848.5,862.4611,843.26,785
44565,840,668,838.57,840.72,834.82,786
44564,829.9,402,838.31,838.31,823,787
44561,825.08,559,824.223,829,806.89,788
44560,823.35,640,826.42,828,822.64,789
44559,827,585,827.28,828.92,824.58,790
44558,829.42,725,828.85,829.92,820,791
44557,826.57,905,818,826.57,805.19,792
44553,817,967,813.88,818.97,810.25,793
44552,812,403,798.4,815.06,796.05,794
44551,793.64,683,783,799.45,783,795
44550,791.5,840,780.19,796.6,780.19,796
44547,784,625,790.1,801.02,783.465,797
44546,804.659,1214,815.35,815.35,796.49,798
44545,819.4699,618,800,821.5,795,799
44544,790,623,795,800.99,773.51,800
44543,797.89,691,800.54,813.09,795,801
44540,805.175,451,800.86,810.35,798.25,802
44539,805.74,3079,810.27,810.48,800,803
44538,815.92,1164,816,816.01,807.08,804
44537,818.79,1809,803.08,818.79,803.08,805
44536,778,4294,772.27,785.49,771.09,806
44533,776.92,657,790.19,790.19,768.34,807
44532,784,303,774.84,784.08,774.84,808
44531,786.03,1142,785,797.92,763.49,809
44530,784.5,983,788.34,788.34,770,810
44529,795.92,2108,794.16,796.74,780,811
44526,785.39,1388,794.93,799.1,776.68,812
44524,814.99,523,806,818.7,798.9,813
44523,808.01,896,820.45,820.45,806,814
44522,823.18,1787,822.59,827.1,815.08,815
44519,826,383,829.76,832,822.34,816
44518,832.25,758,822.45,832.74,822.45,817
44517,824.134,471,822.75,826.71,817.5,818
44516,827.03,275,825,829.92,822.74,819
44515,820,643,827.62,827.62,818.58,820
44512,827.3,1497,823.04,828,817,821
44511,806,170,809.75,811,800.65,822
44510,801.92,463,802,807.56,797,823
44509,820.98,1109,827.13,827.13,808,824
44508,821.425,737,826.61,826.61,819,825
44505,818.5,516,818.69,819.83,813.01,826
44504,803.955,794,799.8,804.92,796.46,827
44503,790.01,779,790.93,796,788.3,828
44502,790.11,1688,795,795,787.99,829
44501,798.52,824,785.97,798.52,785.74,830
44498,784.08,573,775.6,785.89,774.05,831
44497,782.62,580,777.46,784,777.46,832
44496,771.6,1046,771.6,776.82,770,833
44495,774.15,277,773,776.269,765.4,834
44494,769.69,353,766.65,770,763.84,835
44491,778.98,1235,777.28,780,774.15,836
44490,773.39,264,763.23,773.58,762.85,837
44489,764.17,2151,758.64,767.67,755.1541,838
44488,746.05,776,754.15,756.26,746.01,839
44487,752.79,403,752.38,757.52,748.73,840
44484,768.08,943,774.55,778.38,766.54,841
44483,774.92,1600,769.57,775,769.57,842
44482,761.285,2091,752.03,763.55,751.05,843
44481,733.35,175,726.88,749,726.36,844
44480,723.94,211,728.23,734.02,723.94,845
44477,729.49,420,716.9,739,716.9,846
44476,739.2,612,736,739.92,732.48,847
44475,729.13,677,736,736,718.0001,848
44474,736,439,727.33,736,726.69,849
44473,720.08,526,733.95,733.95,716,850
44470,730,458,731.44,741.46,724.98,851
44469,716.2,986,724.08,725,714,852
44468,725,1717,731.14,734.42,725,853
44467,726.93,17175,741.57,741.57,720,854
44466,742,1039,749.15,749.15,739.19,855
44463,757.92,427,769.7,769.7,750.01,856
44462,769.5699,1140,750,770.87,750,857
44461,755,1365,750,760.9743,749.36,858
44460,740.7,1670,746.29,749.99,737.08,859
44459,728.9,1458,726,739,714.14,860
44456,739,824,753,753,733.08,861
44455,742.76,1192,745.95,745.95,735.82,862
44454,738.75,2661,729.48,751,729.48,863
44453,759.05,930,771.56,771.56,758.89,864
44452,780,612,789.5,789.5,771.52,865
44449,778,2209,789,795,778,866
44448,773.19,2404,768.14,782.92,768.14,867
44447,765.51,789,773.05,773.75,765,868
44446,773,712,757.25,775,757.25,869
44442,757.24,728,770,770,753.05,870
44441,770.12,680,775,784,760,871
44440,769.46,3358,745,772.3315,745,872
44439,740.875,891,737.9,747.7,737.18,873
44438,736,1528,735,741.3436,735,874
44435,734.31,485,729,739.34,729,875
44434,730.01,2495,730.05,738.85,726.69,876
44433,734.5,11882,738.9,738.9,732,877
44432,738,37248,740.2,741.24,730,878
44431,746.24,1741,760.2,760.2,732.55,879
44428,730,2963,727.54,731.61,721.25,880
44427,721,5990,735.275,740,714.88,881
44426,766.5,3705,779.665,790,764,882
44425,811.65,1507,810.755,818.01,804,883
44424,824,466,820,829,815,884
44421,840,243,840,840,830,885
44420,840,791,831,840.46,829.3401,886
44419,825.0001,546,826.25,830.5,825,887
44418,822.57,232,827.7,827.7,820,888
44417,824.905,283,815.13,844.9,800.9,889
44414,824.92,493,830.3,830.3,818,890
44413,825.935,1231,830,831.14,822.15,891
44412,827.92,438,830,830,820.59,892
44411,829.69,1604,825.7,831.84,820.59,893
44410,816,879,812.475,816.49,809.95,894
44407,814.1,386,814,814.4,800,895
44406,813.97,787,813.965,816.36,812.33,896
44405,814,3259,803.205,814.92,800.29,897
44404,796.08,975,808,808,787.95,898
44403,805.05,1277,799.95,805.05,793.49,899
44400,795.96,1462,781.3,796.2005,781.3,900
44399,784,326,780.55,784,770.35,901
44398,783.92,418,773.85,784,772.06,902
44397,762.83,1985,762,768.16,753.13,903
44396,751.98,1198,762.25,762.25,751,904
44393,777.1,1011,777.35,777.35,766,905
44392,791.28,285,794.34,797.71,781,906
44391,794.34,748,796.16,797.2927,790.01,907
44390,790.755,1503,795.61,799.54,778.41,908
44389,793,682,777.04,795,777.04,909
44386,790,2399,783.25,791,758.8,910
44385,759.05,34119,767.65,768.14,745.37,911
44384,783.12,1486,775.2,783.25,774.04,912
44383,778.8,582,790,792.55,772.26,913
44379,789.5,817,789.55,791.36,779.3,914
44378,783.34,721,792,792,783.11,915
44377,790.08,13323,790,803.56,785,916
44376,805,998,808.2,808.2,802,917
44375,798.15,1343,800,809.98,795.55,918
44372,809.6,876,809,813.54,801.9,919
44371,808.72,1019,805,814.69,800,920
44370,801,1816,807,815.34,796.15,921
44369,815.0493,1015,832.05,832.05,806.23,922
44368,813.02,822,817.4,817.4,809.6,923
44365,813,1368,818.75,818.75,809,924
44364,825.28,1026,813.995,825.28,813.79,925
44363,822.5,915,829.3,832.98,811.76,926
44362,826.92,750,817.015,832.98,814.03,927
44361,819.3,858,814,827.3,811.36,928
44358,813.75,899,810,817,804.62,929
44357,808.9999,1596,805,810,798,930
44356,816,424,801.685,817.92,798.87,931
44355,810,1278,818.23,818.23,802,932
44354,806.65,1485,799,806.65,793.43,933
44351,792.17,2081,800,800,790.4635,934
44350,799,1817,806.13,806.13,785.8,935
44349,814.8,1035,800.45,817.9,800.45,936
44348,803.08,1795,800.3,810.8,800.3,937
44344,805,1663,797,805.99,793.125,938
44343,794.92,612,792.88,795.17,789.9331,939
44342,786.28,1178,790,790,780,940
44341,788.27,1301,792.29,792.29,779.3,941
44340,773.08,569,774.99,780.0386,765,942
44337,764.67,625,770.25,774.99,764.47,943
44336,758.08,38247,740,770,740,944
44335,750.2,1085,783,783,747.78,945
44334,769.92,361,762,770,755.55,946
44333,762,506,765,765.6,755.05,947
44330,769.92,1354,764.8,770,751.84,948
44329,748.5,980,745.755,765.3,734.53,949
44328,735.75,943,743.8,743.8,735,950
44327,755,768,744.16,775.99,740.66,951
44326,756.49,570,767.6,767.6,756.49,952
44323,766.975,1137,759.92,770,756.36,953
44322,759.92,570,761,761,748,954
44321,758.55,1978,765.8,765.8,753,955
44320,744.01,1606,776,776,740.04,956
44319,762.5,1213,755.4,764.12,755.4,957
44316,757.5,1260,775.81,775.81,753,958
44315,776.54,420,770.45,776.54,766.08,959
44314,766.9,4043,767.92,770,761,960
44313,767.92,391,755,768.9,755,961
44312,755.08,9624,764.3,764.3,753.7,962
44309,760.9,367,760.95,760.95,754.77,963
44308,760.44,678,762.4,768,753.8,964
44307,753.8025,676,759.525,769.05,750,965
44306,730.465,1059,744,744,729,966
44305,753.5,1568,759.65,759.7577,747.26,967
44302,759.85,769,750.075,760,747,968
44301,736.08,1005,737.34,744.32,730,969
44300,733.52,913,733.73,735.561,727.92,970
44299,745.5,1394,706.4,745.5,706.4,971
44298,707.46,549,704,721.55,682.35,972
44295,705,526,708,713.95,695.96,973
44294,703,846,699.95,703.96,694.2,974
44293,689.99,451,689.99,689.99,678,975
44292,680,706,687.95,687.95,680,976
44291,689.03,885,677.71,689.25,677.71,977
44287,677.96,558,675.85,689.25,665.9,978
44286,668.75,1141,671.56,671.56,662.72,979
44285,671.69,951,664.525,675.6,660.08,980
44284,657,1355,658.9,660,652.47,981
44281,657.92,486,659.2,660,651.03,982
44280,654.25,714,640,660,640,983
44279,652.22,511,648.88,674.45,648.88,984
44278,666.27,726,663.6,666.35,657,985
44277,662.4,487,664,674.65,662.08,986
44274,662.08,1258,665.03,678.92,656.32,987
44273,676.4,1354,682.96,687,670,988
44272,686.91,1967,672.215,686.99,672.215,989
44271,670.92,2419,661.5,670.92,661.5,990
44270,669.925,1640,672.7,672.7,659.12,991
44267,679,905,675.45,679.5,669.05,992
44266,679.99,1047,668.5,680,665,993
44265,660.08,1113,657.99,664,654.37,994
44264,649.4,394,647.15,649.5,641.48,995
44263,638.92,398,623.5,648.75,623.5,996
44260,639.02,795,640.75,640.75,621.9,997
44259,638.27,1047,655,655,633.36,998
44258,655.08,778,660,660,650,999
44257,652.08,723,650,658.8,645.15,1000
44256,650.5,846,642,651.73,638.9,1001
44253,642,1656,650.12,650.12,630,1002
44252,649,1144,650.54,655.5,636.36,1003
44251,649.01,1416,660,665.45,644.04,1004
44250,653,2373,668.15,668.45,647.14,1005
44249,665.92,1484,659,671.44,655,1006
44246,657,842,673.85,673.85,650.58,1007
44245,650.5,302,663.5,663.5,643.4942,1008
44244,652.92,707,654.5,656.25,643.0683,1009
44243,654.67,2427,646,656.87,641.46,1010
44239,639.13,764,644.34,646.92,637.59,1011
44238,648.92,1407,645,648.92,639.35,1012
44237,644.2,1457,653.7,653.7,640.5,1013
44236,653.6,2405,645.8,654.98,645.8,1014
44235,636,1005,644.3,644.3,632.63,1015
44232,637.91,1151,640,640.23,625.32,1016
44231,631.9,771,630.75,631.9,623.17,1017
44230,636.92,1185,637,637.97,628.21,1018
44229,635,1717,624.5,635.5,621.55,1019
44228,616.84,419,608.15,626.4,605.98,1020
44225,604.7,1555,611,617.48,601,1021
44224,624.2,861,627,631.65,611,1022
44223,611.36,1643,618,618,598.747,1023
44222,626,1349,624,635,616,1024
44221,617,2034,620,620,607.61,1025
44218,629,2375,620,629,618.5355,1026
44217,620,784,622,624.65,617.75,1027
44216,616.66,1476,600,623.85,600,1028
44215,598.57,3505,600.04,602,591.8926,1029
44211,600.04,1831,605.25,605.25,595.2,1030
44210,621.36,816,623,623,616.47,1031
44209,624.62,1437,625,626,620.65,1032
44208,631.12,432,631.3,631.96,623.63,1033
44207,633.04,1090,633.35,636.93,628.8,1034
44204,642.01,1256,642.75,646.12,636.7444,1035
44203,633,932,631,636.91,625.75,1036
44202,621.25,1236,615,622.7264,614.51,1037
44201,624.295,1244,622,627,617.25,1038
44200,625.806,1071,634,639.5,620,1039
44196,626,825,630,632,620.11,1040
44195,630,1576,634.2,634.95,629.79,1041
44194,631,2641,625.3,633.1191,624.35,1042
44193,618.46,2177,603,632.2,602,1043
44189,602.04,157,602,632.2,602,1044
44188,603.19,236,606.3,608.61,600.69,1045
44187,598.2,1526,602.25,603.7,596.37,1046
44186,608.51,903,602.1,608.55,593.0659,1047
44183,607.96,742,613.65,619.96,607.75,1048
44182,616.36,2560,620,623.31,614,1049
44181,619.81,1088,616,619.85,611.5,1050
44180,616.1,801,623.99,624,615.6,1051
44179,616.96,3447,615.9,621.77,615.9,1052
44176,609.77,608,604.7,612.9357,602.95,1053
44175,610.36,2450,600.9,610.36,600.9,1054
44174,598.69,1726,599.9,603.55,598.65,1055
44173,602,442,599.02,604.71,596.4,1056
44172,597.75,2382,596.1,600.7,590.65,1057
44169,597.7,797,598.05,600,595.625,1058
44168,605,278,608.15,608.51,602.55,1059
44167,604.36,493,600.5,604.4,595.79,1060
44166,598.79,5730,592.4,605.47,588.49,1061
44165,578.55,3772,593.3,596.4,578.55,1062
44162,591.96,916,592.04,594.94,590,1063
44160,592.04,526,589.3,594,588.44,1064
44159,590.05,469,589.35,591.25,583.95,1065
44158,584.04,33969,589.95,594.4,580.43,1066
44155,586,2156,581.05,587.46,581.05,1067
44154,580.08,369,573.85,584.43,573.85,1068
44153,574.29,475,572.85,578.8,572.85,1069
44152,572,1466,563.979,572.16,560.45,1070
44151,561.6,1351,565,569.95,561.07,1071
44148,559.96,353,556,559.96,553,1072
44147,556,1567,557.25,562.1,552.77,1073
44146,575.465,695,569.25,578.2,564.2,1074
44145,558.5,775,555,565,555,1075
44144,545,3955,566,566,545,1076
44141,515.35,477,518.9,521.55,512.39,1077
44140,517.05,926,514.8,517.25,510,1078
44139,493.03,441,485.7,496.25,485.7,1079
44138,481.1,463,475.45,481.1,475.45,1080
44137,474.95,878,470,475.65,469.55,1081
44134,466.04,1135,473.69,474.3,466.04,1082
44133,475,2287,466.9,477.5,466.9,1083
44132,471.475,1221,469.65,474.86,464.66,1084
44131,491.11,1064,498.6,499.96,491.11,1085
44130,495.25,465,504.15,504.15,495.04,1086
44127,502.09,199,504.55,508.49,502.04,1087
44126,504.96,236,507.75,509.21,500,1088
44125,509.01,407,509.8,511.45,505.5,1089
44124,513.07,1788,509.17,514.55,506.53,1090
44123,505.5,1690,509.57,513.57,505.5,1091
44120,510.8,1800,503.19,511.36,503.15,1092
44119,500,811,472.15,500,465.08,1093
44118,484.125,413,486.62,488.1,480.12,1094
44117,492.46,186,486.62,492.46,486.62,1095
44116,496.45,565,494.11,496.95,490,1096
44113,488.21,965,484.85,490.08,482.1,1097
44112,480.04,664,475.6,481.85,475.6,1098
44111,484.96,190,479.5,485,479,1099
44110,477.13,634,485.4,488.16,477.13,1100
44109,488.89,580,482.1,488.89,482.1,1101
44106,477.6,777,474.85,480.87,473.19,1102
44105,482.56,176,482.7,482.7,477.17,1103
44104,473,229,476.05,476.05,465,1104
44103,480.475,528,481.05,481.91,476.05,1105
44102,473.66,566,471.525,475,470.04,1106
44099,471.56,312,461.8,471.56,458.12,1107
44098,470.04,509,467.9,475,465.52,1108
44097,463.84,1766,466.5,471.5,463.84,1109
44096,464.5,403,465,466.65,458.85,1110
44095,470.73,1464,473.35,473.35,462.04,1111
44092,495.71,729,496,496.3,485.87,1112
44091,495.79,359,501.17,501.65,495.79,1113
44090,503.44,409,501.99,506.68,499.07,1114
44089,502.05,447,501.95,507.66,500.1,1115
44088,498.96,1016,497.05,503.44,495.64,1116
44085,493,1439,491.45,498.5,486.25,1117
44084,477.96,486,480,484.98,474.5,1118
44083,480.36,474,479.36,482.26,475.9,1119
44082,472.13,735,474.55,480.66,469.9,1120
44078,475.04,647,481.9,484.5,470.04,1121
44077,479.075,3624,490.05,491.41,479,1122
44076,484.255,990,486.85,486.85,476.5,1123
44075,471.455,453,469,477.9,469,1124
44074,472,1604,473,475.5,469,1125
44071,469.15,404,475.55,475.55,469.11,1126
44070,474.91,997,477.5,482.7,468.95,1127
44069,476.705,892,475,478,472.48,1128
44068,472.48,617,471,473.71,466.95,1129
44067,463.435,1207,463.69,466,460.96,1130
44064,457.18,630,448.75,457.56,448.75,1131
44063,453.04,889,454,458,448.95,1132
44062,459.96,522,462.95,462.95,457.04,1133
44061,462.3,551,466.56,466.56,456.3,1134
44060,458.35,3855,461.36,464.1,457,1135
44057,458,276,459.2,460.5,453.6,1136
44056,461.025,185,461.35,466.46,460.84,1137
44055,460.04,1270,460.35,463.1,455.75,1138
44054,444.54,613,451,455.46,444.54,1139
44053,437.04,623,442,442,435,1140
44050,442.46,534,441,443.7,438,1141
44049,449.67,447,444.6,449.71,438.85,1142
44048,447.25,1527,447.25,449.4,443.5,1143
44047,440,226,435.85,441.55,430.6,1144
44046,440.96,724,435.3,441.6,435,1145
44043,430,837,441.75,441.75,428.04,1146
44042,448,1533,444,450.01,436.33,1147
44041,457.8,1319,455,458.06,453.04,1148
44040,450.2,485,450,456.47,450,1149
44039,455,1252,466,477,451.04,1150
44036,465.95,680,466.05,466.05,459.59,1151
44035,469.26,1110,467,469.3,462.04,1152
44034,472.06,197,471.76,472.58,466.65,1153
44033,473.67,1650,473.8,473.8,469.49,1154
44032,474,382,466.3,474.21,466.3,1155
44029,465.94,841,470.8,470.95,465.9,1156
44028,464.8,265,469.75,470.22,464.8,1157
44027,466.21,920,473,476.6,466.21,1158
44026,463,593,454.2,464,454.2,1159
44025,455.39,1458,459.32,465,455.39,1160
44022,455.35,487,452.2,455.35,449.34,1161
44021,457,699,456.5,458.75,449.72,1162
44020,456,680,454.76,456,450,1163
44019,452.19,665,452.225,456.29,452.19,1164
44018,454.55,2573,452.6,457.9,452.2,1165
44014,449.25,1062,449.1,456.39,448.32,1166
44013,440.75,372,440,444.86,435.2,1167
44012,441,2292,434.1,441,434.1,1168
44011,438.275,344,433.75,440.99,432.32,1169
44008,433.875,1103,438.05,441.96,431.75,1170
44007,436,445,430.075,436,428.15,1171
44006,434.21,979,432.1,436.66,425.84,1172
44005,440,892,438.65,446,438.65,1173
44004,425.1,1110,425,429.6,422.05,1174
44001,420.04,804,435.85,435.85,420,1175
44000,421.14,276,424.1,426.9,420,1176
43999,428.16,184,422.85,428.2,422.65,1177
43998,424,1323,428,428.2,417,1178
43997,428.99,893,413.7,429.03,413.7,1179
43994,420.9,7223,434.075,437.1,420.9,1180
43993,417,2372,433.7,439.76,416.49,1181
43992,451.14,924,451.05,455.96,450.94,1182
43991,449.96,728,447.6,453.65,446.8,1183
43990,447.75,2415,451.65,454.4,445.98,1184
43987,456,3911,455,458.5,451.66,1185
43986,440,816,435.31,443.49,435.31,1186
43985,444.31,1329,435,449.99,432.76,1187
43984,432.76,785,425.65,432.76,425.65,1188
43983,427.36,653,419.55,427.4,419.55,1189
43980,418.56,1532,424.5,424.5,414.82,1190
43979,425.2,1306,416.5,430,415,1191
43978,411,5585,415,415,407,1192
43977,403,984,399.5,404.5,391,1193
43973,389.96,1093,390,390.83,386.2,1194
43972,393.6,307,398,398,393,1195
43971,398,1393,394.625,398.82,391.6,1196
43970,388.7,1200,388.88,393.5,387.51,1197
43969,384,2890,371.925,385,369,1198
43966,357.2,1660,355.5,365,355,1199
43965,359.9,2096,355.9,360.16,350,1200
43964,362,3564,369,373,356.53,1201
43963,375,1042,384,384,375,1202
43962,384,499,387.1,387.1,375,1203
43959,384,2121,380,384.52,380,1204
43958,370.25,2578,376.95,380,370,1205
43957,384,2040,366,384.99,362,1206
43956,376,1203,370.94,376,368,1207
43955,373.51,2992,367.75,373.51,364.67,1208
43952,385.2,1264,389.95,389.95,378,1209
43951,392.5,2233,390.64,392.5,382.65,1210
43950,392.59,1955,386.86,392.59,386.81,1211
43949,382.55,6308,389.99,390.99,382.55,1212
43948,385,399,375.32,385,375,1213
43945,375.31,2523,375,380,368.5,1214
43944,388.86,2358,374.89,390.11,370.04,1215
43943,382.74,1008,384.02,395,380.47,1216
43942,377.04,1900,381.45,390,376.04,1217
43941,395,3497,388.59,395,385.48,1218
43938,392.11,2355,388.56,395,387.86,1219
43937,377.32,12679,376.84,381.64,369.04,1220
43936,371.02,1183,372.12,393.2,369,1221
43935,392,2236,384.78,394.99,383,1222
43934,377.93,1127,389.9,389.9,375.76,1223
43930,380,5632,378.44,385,376.04,1224
43929,375,3077,373.958,376.27,369.69,1225
43928,372.04,1591,383.375,390,371.5,1226
43927,374.82,4497,370.72,374.82,366.54,1227
43924,364,5637,365.1,365.1,347.24,1228
43923,351.75,1100,350,364.6,345.0001,1229
43922,357.39,12771,351.22,357.39,350,1230
43921,373.9,1927,380,392.15,366.6,1231
43920,390,7800,373,390,368.6,1232
43917,395.9,1833,374.78,395.9,371,1233
43916,395.92,4210,381.25,408,381.25,1234
43915,401.85,1500,374.73,403.26,366.63,1235
43914,360.05,6835,363.02,396,356,1236
43913,330,7547,323.5,342.8,323.5,1237
43910,320,7175,339.845,340.65,320,1238
43909,309.15,2579,307.08,318.89,305.37,1239
43908,305.0401,6098,309.77,328.46,301.16,1240
43907,348.78,1042,342.11,359,335,1241
43906,327,2129,340.9,344,304.3,1242
43903,367,7234,368.99,368.99,343.5,1243
43902,337,5013,343.3,354.56,324.5,1244
43901,369.5,4855,379.38,381.3812,360.92,1245
43900,388.04,2968,398.01,398.01,378,1246
43899,377.14,2837,377.275,393.43,373.55,1247
43896,409.95,4274,409.56,410.7,401,1248
43895,415.91,5034,420.65,422.1512,411,1249
43894,435,945,423.9,435,423.9,1250
43893,415,7450,428.43,434.68,410,1251
43892,424.36,1245,415.49,424.36,413.4,1252
43889,413.5,6411,398.73,418.93,395.77,1253
43888,398.51,7179,400.6,413.84,398.51,1254
43887,420,1308,416.45,420,410.5,1255
43886,405.04,2384,417.725,420.25,405,1256
43885,418,3591,418.2,422.81,415.5,1257